{
  "type": "object",
  "properties": {
    "idade": {
      "type": "integer"
    },
    "genero": {
      "type": "string",
      "enum": [
        "TODOS",
        "MASCULINO",
        "FEMININO",
        "LGBT"
      ]
    },
    "escolaridade": {
      "type": "string",
      "enum": [
        "TODOS",
        "SECUNDARIO",
        "GRADUADO",
        "POSGRADUADO"
      ]
    },
    "regiao": {
      "type": "string"
    },
    "atitude": {
      "type": "string"
    }
  },
  "additionalProperties": false
}